id;prenom;nom;email;phone_number;est_dg;est_menbre_ca
1;reciprocal withdrawal;synthesize compressing;"jWj|@o:=.Bx9G>";c Market a;false;true
2;a Aquitaine iterate;online Account global;"Y!l>u@z**jYD.wi";e-markets a;false;false
3;Executif Taiwan;Mouse;"gMP*@l.*g";Plastic Multi-layered;true;true
4;context-sensitive Plastic encoding;Chair b;"/76]e+@W|t.n8w=\";Plastic Small;true;false
5;Music leverage Pants;Market Gorgeous;"CS]P}+@J.|BmsrW";Licensed Stagiaire Nauru;true;true
6;Keyboard Fish;c Harpe;"Z&@rpBeA.JH^";expedite Bedfordshire Coordinateur;false;false
7;Loan Basse-Normandie Sausages;index;"C10@i[3!.tli/~";Dinar withdrawal navigate;false;true
8;payment Ergonomic FTP;Nord-Pas-de-Calais Midi-Pyrénées Mongolie;"VHlS@uZ.L}0S";discrete Chair;false;false
9;SMS;Korean Berkshire compressing;"LPc@z136L.^YLF";Clothing fresh-thinking;true;false
10;azure Health;Adaptive Shoes;"N@y.Qmn\Yc";b Computers;false;true
